"","X.","Nicotinamide..Azithromycin..Nitazoxanide","Nicotinamide..Placebo","Placebo..Azithromycin..Nitazoxanide","Placebo..Placebo","Overall"
"1","","(N=53)","(N=48)","(N=45)","(N=54)","(N=200)"
"2","sex_base","","","","",""
"3","  Female","29 (54.7%)","28 (58.3%)","18 (40.0%)","26 (48.1%)","101 (50.5%)"
"4","  Male","24 (45.3%)","20 (41.7%)","27 (60.0%)","28 (51.9%)","99 (49.5%)"
"5","brthyr_base","","","","",""
"6","  Mean (SD)","2020 (0.320)","2020 (0.245)","2020 (0.288)","2020 (0.264)","2020 (0.280)"
"7","  Median [Min, Max]","2020 [2020, 2020]","2020 [2020, 2020]","2020 [2020, 2020]","2020 [2020, 2020]","2020 [2020, 2020]"
"8","brthweek_base","","","","",""
"9","  Mean (SD)","20.2 (11.1)","17.5 (9.58)","20.8 (10.2)","17.1 (10.8)","18.9 (10.5)"
"10","  Median [Min, Max]","21.0 [1.00, 44.0]","15.0 [2.00, 44.0]","19.0 [5.00, 44.0]","14.5 [2.00, 44.0]","16.0 [1.00, 44.0]"
"11","mage_base","","","","",""
"12","  Mean (SD)","29.5 (6.66)","28.4 (7.00)","28.5 (7.01)","30.8 (7.76)","29.4 (7.14)"
"13","  Median [Min, Max]","29.0 [18.0, 46.0]","27.0 [19.0, 46.0]","26.0 [18.0, 42.0]","31.0 [19.0, 42.0]","28.0 [18.0, 46.0]"
"14","parity_base","","","","",""
"15","  Mean (SD)","4.55 (2.58)","3.92 (2.57)","3.98 (2.55)","4.89 (2.83)","4.36 (2.65)"
"16","  Median [Min, Max]","5.00 [1.00, 12.0]","3.00 [1.00, 9.00]","3.00 [1.00, 12.0]","5.00 [1.00, 12.0]","4.00 [1.00, 12.0]"
"17","nlchild_base","","","","",""
"18","  Mean (SD)","4.55 (2.58)","3.92 (2.57)","3.98 (2.55)","4.89 (2.83)","4.36 (2.65)"
"19","  Median [Min, Max]","5.00 [1.00, 12.0]","3.00 [1.00, 9.00]","3.00 [1.00, 12.0]","5.00 [1.00, 12.0]","4.00 [1.00, 12.0]"
"20","nperson_base","","","","",""
"21","  Mean (SD)","7.45 (2.61)","6.81 (2.88)","7.24 (2.89)","7.52 (2.49)","7.27 (2.70)"
"22","  Median [Min, Max]","8.00 [3.00, 14.0]","7.00 [1.00, 18.0]","7.00 [3.00, 14.0]","7.00 [3.00, 14.0]","7.00 [1.00, 18.0]"
"23","nrooms_base","","","","",""
"24","  Mean (SD)","4.91 (2.26)","4.48 (2.13)","4.58 (2.26)","4.87 (2.18)","4.72 (2.20)"
"25","  Median [Min, Max]","5.00 [2.00, 12.0]","4.00 [2.00, 11.0]","4.00 [1.00, 12.0]","4.00 [1.00, 11.0]","4.00 [1.00, 12.0]"
"26","meducyrs_base","","","","",""
"27","  Mean (SD)","6.19 (2.98)","6.77 (2.43)","6.38 (2.61)","6.85 (2.59)","6.55 (2.67)"
"28","  Median [Min, Max]","7.00 [0, 13.0]","7.00 [0, 11.0]","7.00 [0, 12.0]","7.00 [0, 13.0]","7.00 [0, 13.0]"
"29","h2osrcp_base","","","","",""
"30","  Piped to yard/plot","1 (1.9%)","0 (0%)","0 (0%)","0 (0%)","1 (0.5%)"
"31","  Protected well","4 (7.5%)","2 (4.2%)","1 (2.2%)","1 (1.9%)","8 (4.0%)"
"32","  Public tap/stand pipe","23 (43.4%)","19 (39.6%)","22 (48.9%)","24 (44.4%)","88 (44.0%)"
"33","  Surface water(river/dam/lake/pond/stream","5 (9.4%)","6 (12.5%)","6 (13.3%)","7 (13.0%)","24 (12.0%)"
"34","  Tube well or borehole","4 (7.5%)","11 (22.9%)","7 (15.6%)","12 (22.2%)","34 (17.0%)"
"35","  Unprotected well","16 (30.2%)","10 (20.8%)","9 (20.0%)","10 (18.5%)","45 (22.5%)"
"36","cookplac_base","","","","",""
"37","  No","21 (39.6%)","21 (43.8%)","16 (35.6%)","18 (33.3%)","76 (38.0%)"
"38","  Yes","32 (60.4%)","27 (56.3%)","29 (64.4%)","36 (66.7%)","124 (62.0%)"
"39","inctot_base","","","","",""
"40","  Mean (SD)","52400 (49000)","45400 (48300)","53700 (50800)","34400 (27400)","46200 (44800)"
"41","  Median [Min, Max]","30000 [8000, 200000]","30000 [10000, 300000]","40000 [10000, 300000]","30000 [10000, 150000]","30000 [8000, 300000]"
"42","inctotu_base","","","","",""
"43","  Tanz Shilling/Month","53 (100%)","48 (100%)","45 (100%)","54 (100%)","200 (100%)"
"44","epochn_base","","","","",""
"45","  Mean (SD)","40.0 (0)","40.0 (0)","40.0 (0)","40.0 (0)","40.0 (0)"
"46","  Median [Min, Max]","40.0 [40.0, 40.0]","40.0 [40.0, 40.0]","40.0 [40.0, 40.0]","40.0 [40.0, 40.0]","40.0 [40.0, 40.0]"
"47","epoch_base","","","","",""
"48","  After Birth","53 (100%)","48 (100%)","45 (100%)","54 (100%)","200 (100%)"
"49","mhtcm_base","","","","",""
"50","  Mean (SD)","158 (6.29)","158 (5.74)","157 (4.22)","158 (5.34)","158 (5.48)"
"51","  Median [Min, Max]","158 [143, 178]","158 [148, 172]","157 [145, 166]","159 [144, 168]","158 [143, 178]"
"52","mwtkg_base","","","","",""
"53","  Mean (SD)","56.1 (9.33)","56.5 (10.3)","52.8 (8.57)","57.9 (11.5)","55.9 (10.1)"
"54","  Median [Min, Max]","56.9 [40.0, 80.0]","55.0 [45.0, 98.0]","51.0 [39.0, 85.0]","55.0 [41.5, 89.0]","54.5 [39.0, 98.0]"
"55","mbmi_base","","","","",""
"56","  Mean (SD)","22.6 (3.70)","22.8 (3.71)","21.5 (3.29)","23.0 (3.83)","22.5 (3.67)"
"57","  Median [Min, Max]","23.1 [15.9, 30.5]","21.9 [17.5, 34.7]","20.6 [16.5, 32.4]","22.3 [17.5, 33.1]","21.8 [15.9, 34.7]"
"58","pregout_base","","","","",""
"59","  Mean (SD)","10.0 (0)","10.0 (0)","10.0 (0)","10.0 (0)","10.0 (0)"
"60","  Median [Min, Max]","10.0 [10.0, 10.0]","10.0 [10.0, 10.0]","10.0 [10.0, 10.0]","10.0 [10.0, 10.0]","10.0 [10.0, 10.0]"
"61","dlvloc_base","","","","",""
"62","  Mean (SD)","2.36 (1.51)","2.63 (1.51)","2.53 (1.52)","2.89 (1.46)","2.61 (1.50)"
"63","  Median [Min, Max]","1.00 [1.00, 4.00]","4.00 [1.00, 4.00]","4.00 [1.00, 4.00]","4.00 [1.00, 4.00]","4.00 [1.00, 4.00]"
"64","dvseason_base","","","","",""
"65","  Post-Harvest","33 (62.3%)","28 (58.3%)","30 (66.7%)","30 (55.6%)","121 (60.5%)"
"66","  Pre-Harvest","20 (37.7%)","20 (41.7%)","15 (33.3%)","24 (44.4%)","79 (39.5%)"
"67","wtkg_base","","","","",""
"68","  Mean (SD)","3.20 (0.567)","3.21 (0.405)","3.15 (0.446)","3.19 (0.581)","3.19 (0.507)"
"69","  Median [Min, Max]","3.10 [2.24, 5.72]","3.17 [2.21, 4.25]","3.20 [2.07, 4.10]","3.24 [2.06, 4.20]","3.17 [2.06, 5.72]"
"70","lencm_base","","","","",""
"71","  Mean (SD)","49.3 (2.21)","48.9 (2.07)","48.7 (1.73)","49.4 (2.56)","49.1 (2.19)"
"72","  Median [Min, Max]","49.0 [45.2, 57.0]","49.0 [45.0, 53.5]","49.0 [42.5, 51.6]","49.0 [43.0, 59.0]","49.0 [42.5, 59.0]"
"73","bmi_base","","","","",""
"74","  Mean (SD)","13.2 (2.20)","13.4 (1.41)","13.3 (1.72)","13.0 (1.89)","13.2 (1.83)"
"75","  Median [Min, Max]","13.1 [8.57, 22.0]","13.3 [10.9, 16.8]","13.1 [9.37, 17.8]","13.3 [9.33, 16.7]","13.1 [8.57, 22.0]"
"76","hcircm_base","","","","",""
"77","  Mean (SD)","34.7 (1.44)","34.7 (1.11)","34.5 (1.19)","34.7 (1.42)","34.7 (1.30)"
"78","  Median [Min, Max]","34.5 [32.0, 40.0]","34.8 [32.2, 37.5]","34.0 [32.0, 37.0]","34.6 [31.7, 37.6]","34.5 [31.7, 40.0]"
"79","waz_base","","","","",""
"80","  Mean (SD)","-0.445 (1.12)","-0.374 (0.784)","-0.613 (0.905)","-0.518 (1.20)","-0.486 (1.02)"
"81","  Median [Min, Max]","-0.660 [-2.67, 3.76]","-0.390 [-2.61, 1.05]","-0.440 [-3.01, 1.27]","-0.295 [-3.17, 1.80]","-0.495 [-3.17, 3.76]"
"82","haz_base","","","","",""
"83","  Mean (SD)","-0.639 (1.16)","-0.826 (1.06)","-1.07 (0.857)","-0.625 (1.27)","-0.777 (1.11)"
"84","  Median [Min, Max]","-0.790 [-3.38, 3.47]","-0.650 [-2.94, 1.44]","-0.880 [-3.57, 0.810]","-0.680 [-3.72, 4.12]","-0.775 [-3.72, 4.12]"
"85","whz_base","","","","",""
"86","  Mean (SD)","-0.242 (2.00)","0.177 (1.27)","-0.0109 (1.33)","-0.395 (1.76)","-0.130 (1.64)"
"87","  Median [Min, Max]","-0.170 [-6.58, 4.77]","0.185 [-2.04, 2.92]","-0.0400 [-3.54, 3.46]","-0.120 [-6.62, 2.64]","-0.0500 [-6.62, 4.77]"
"88","  Missing","0 (0%)","0 (0%)","1 (2.2%)","1 (1.9%)","2 (1.0%)"
"89","baz_base","","","","",""
"90","  Mean (SD)","-0.215 (1.67)","0.0233 (1.08)","-0.130 (1.32)","-0.335 (1.48)","-0.171 (1.41)"
"91","  Median [Min, Max]","-0.320 [-4.13, 5.93]","-0.00500 [-1.94, 2.47]","-0.210 [-3.29, 3.04]","-0.0300 [-3.32, 2.50]","-0.130 [-4.13, 5.93]"
"92","agedays_base","","","","",""
"93","  Mean (SD)","6.96 (3.54)","6.69 (3.30)","7.40 (3.52)","7.26 (3.29)","7.08 (3.40)"
"94","  Median [Min, Max]","6.00 [1.00, 15.0]","5.50 [1.00, 13.0]","7.00 [1.00, 14.0]","6.50 [2.00, 15.0]","6.50 [1.00, 15.0]"
"95","feeding_base","","","","",""
"96","  Mean (SD)","1.00 (0)","1.00 (0)","1.00 (0)","1.00 (0)","1.00 (0)"
"97","  Median [Min, Max]","1.00 [1.00, 1.00]","1.00 [1.00, 1.00]","1.00 [1.00, 1.00]","1.00 [1.00, 1.00]","1.00 [1.00, 1.00]"
"98","dur_bf_base","","","","",""
"99","  Mean (SD)","517 (49.4)","504 (59.7)","518 (39.6)","521 (35.6)","515 (47.0)"
"100","  Median [Min, Max]","540 [300, 540]","540 [300, 540]","540 [390, 540]","540 [360, 540]","540 [300, 540]"
"101","dur_ebf_base","","","","",""
"102","  Mean (SD)","158 (27.1)","159 (22.4)","153 (29.9)","155 (26.5)","156 (26.5)"
"103","  Median [Min, Max]","150 [60.0, 180]","150 [90.0, 180]","150 [60.0, 180]","150 [60.0, 180]","150 [60.0, 180]"
"104","bmcol_fl_1m","","","","",""
"105","  Mean (SD)","1.00 (0)","1.00 (0)","1.00 (0)","1.00 (0)","1.00 (0)"
"106","  Median [Min, Max]","1.00 [1.00, 1.00]","1.00 [1.00, 1.00]","1.00 [1.00, 1.00]","1.00 [1.00, 1.00]","1.00 [1.00, 1.00]"
"107","bmcol_fl_5m","","","","",""
"108","  Mean (SD)","1.00 (0)","1.00 (0)","1.00 (0)","1.00 (0)","1.00 (0)"
"109","  Median [Min, Max]","1.00 [1.00, 1.00]","1.00 [1.00, 1.00]","1.00 [1.00, 1.00]","1.00 [1.00, 1.00]","1.00 [1.00, 1.00]"
"110","agedays_1m","","","","",""
"111","  Mean (SD)","30.0 (0)","30.0 (0)","30.0 (0)","30.0 (0)","30.0 (0)"
"112","  Median [Min, Max]","30.0 [30.0, 30.0]","30.0 [30.0, 30.0]","30.0 [30.0, 30.0]","30.0 [30.0, 30.0]","30.0 [30.0, 30.0]"
"113","agedays_5m","","","","",""
"114","  Mean (SD)","152 (0)","152 (0)","152 (0)","152 (0)","152 (0)"
"115","  Median [Min, Max]","152 [152, 152]","152 [152, 152]","152 [152, 152]","152 [152, 152]","152 [152, 152]"
"116","lencm_3m","","","","",""
"117","  Mean (SD)","58.4 (1.87)","58.7 (1.80)","58.5 (2.27)","58.7 (2.51)","58.6 (2.12)"
"118","  Median [Min, Max]","58.1 [55.0, 63.0]","59.0 [55.0, 62.5]","58.2 [52.0, 64.0]","58.2 [53.0, 68.0]","58.2 [52.0, 68.0]"
"119","  Missing","1 (1.9%)","0 (0%)","0 (0%)","1 (1.9%)","2 (1.0%)"
"120","lencm_6m","","","","",""
"121","  Mean (SD)","64.0 (2.02)","64.2 (2.50)","64.1 (2.52)","64.4 (2.74)","64.2 (2.45)"
"122","  Median [Min, Max]","64.0 [60.0, 68.0]","64.0 [59.0, 68.2]","64.0 [59.0, 69.8]","64.0 [59.0, 70.0]","64.0 [59.0, 70.0]"
"123","  Missing","1 (1.9%)","0 (0%)","0 (0%)","0 (0%)","1 (0.5%)"
"124","lencm_9m","","","","",""
"125","  Mean (SD)","67.7 (2.10)","67.7 (2.61)","67.6 (2.11)","68.0 (2.61)","67.8 (2.37)"
"126","  Median [Min, Max]","68.0 [62.0, 71.2]","68.0 [59.9, 72.0]","67.0 [64.0, 72.3]","68.0 [62.0, 74.0]","68.0 [59.9, 74.0]"
"127","  Missing","1 (1.9%)","0 (0%)","0 (0%)","0 (0%)","1 (0.5%)"
"128","lencm_12m","","","","",""
"129","  Mean (SD)","70.9 (2.04)","70.2 (2.00)","70.2 (1.93)","70.7 (2.89)","70.5 (2.27)"
"130","  Median [Min, Max]","71.0 [67.0, 75.0]","70.0 [66.0, 74.0]","70.0 [66.0, 74.0]","71.0 [62.0, 77.0]","70.1 [62.0, 77.0]"
"131","  Missing","10 (18.9%)","6 (12.5%)","7 (15.6%)","8 (14.8%)","31 (15.5%)"
"132","lencm_15m","","","","",""
"133","  Mean (SD)","73.1 (2.38)","73.3 (2.93)","73.2 (2.39)","73.8 (2.92)","73.3 (2.66)"
"134","  Median [Min, Max]","73.0 [67.2, 78.0]","73.2 [67.1, 82.0]","73.0 [67.2, 78.0]","73.5 [68.0, 81.0]","73.1 [67.1, 82.0]"
"135","  Missing","8 (15.1%)","11 (22.9%)","8 (17.8%)","11 (20.4%)","38 (19.0%)"
"136","lencm_18m","","","","",""
"137","  Mean (SD)","75.9 (2.86)","75.8 (2.81)","75.6 (2.15)","76.1 (3.14)","75.9 (2.77)"
"138","  Median [Min, Max]","76.0 [70.0, 82.2]","75.0 [71.0, 82.0]","75.0 [72.0, 80.1]","75.8 [68.0, 82.0]","75.7 [68.0, 82.2]"
"139","bmi_3m","","","","",""
"140","  Mean (SD)","16.6 (1.81)","16.4 (1.49)","16.7 (1.94)","16.9 (2.03)","16.6 (1.83)"
"141","  Median [Min, Max]","16.7 [11.9, 19.8]","16.2 [13.8, 20.0]","16.5 [11.7, 22.7]","17.0 [12.1, 21.9]","16.7 [11.7, 22.7]"
"142","  Missing","3 (5.7%)","0 (0%)","1 (2.2%)","1 (1.9%)","5 (2.5%)"
"143","bmi_6m","","","","",""
"144","  Mean (SD)","17.4 (1.59)","17.6 (2.13)","17.4 (2.08)","17.6 (1.87)","17.5 (1.91)"
"145","  Median [Min, Max]","17.6 [14.4, 22.2]","17.3 [12.7, 26.0]","17.2 [13.3, 22.6]","17.3 [14.3, 23.6]","17.3 [12.7, 26.0]"
"146","  Missing","1 (1.9%)","0 (0%)","0 (0%)","0 (0%)","1 (0.5%)"
"147","bmi_9m","","","","",""
"148","  Mean (SD)","17.2 (1.47)","17.2 (1.41)","17.2 (1.56)","17.5 (1.76)","17.3 (1.55)"
"149","  Median [Min, Max]","17.4 [13.8, 20.8]","17.1 [15.0, 22.8]","16.9 [13.8, 20.9]","17.5 [13.5, 21.7]","17.2 [13.5, 22.8]"
"150","  Missing","2 (3.8%)","0 (0%)","0 (0%)","0 (0%)","2 (1.0%)"
"151","bmi_12m","","","","",""
"152","  Mean (SD)","17.3 (1.31)","17.0 (1.09)","17.0 (1.52)","17.3 (1.40)","17.1 (1.33)"
"153","  Median [Min, Max]","17.2 [14.8, 20.3]","17.0 [15.0, 19.4]","16.5 [14.1, 21.0]","17.0 [14.9, 21.4]","17.0 [14.1, 21.4]"
"154","  Missing","12 (22.6%)","6 (12.5%)","7 (15.6%)","11 (20.4%)","36 (18.0%)"
"155","bmi_15m","","","","",""
"156","  Mean (SD)","16.9 (1.65)","16.7 (1.66)","16.8 (1.81)","16.9 (1.39)","16.8 (1.62)"
"157","  Median [Min, Max]","16.7 [13.9, 21.3]","16.8 [13.4, 21.4]","16.8 [13.0, 23.5]","17.0 [12.8, 19.8]","16.8 [12.8, 23.5]"
"158","  Missing","8 (15.1%)","11 (22.9%)","8 (17.8%)","11 (20.4%)","38 (19.0%)"
"159","bmi_18m","","","","",""
"160","  Mean (SD)","16.6 (1.42)","16.5 (1.59)","16.5 (1.38)","16.6 (1.26)","16.6 (1.40)"
"161","  Median [Min, Max]","16.6 [13.6, 20.2]","16.4 [13.7, 21.1]","16.4 [13.5, 21.6]","16.6 [14.1, 20.0]","16.6 [13.5, 21.6]"
"162","hcircm_3m","","","","",""
"163","  Mean (SD)","39.7 (1.42)","40.0 (1.16)","39.6 (0.995)","39.5 (1.81)","39.7 (1.40)"
"164","  Median [Min, Max]","39.8 [37.0, 44.0]","40.0 [38.0, 43.0]","39.6 [37.0, 41.5]","39.3 [35.5, 43.0]","39.7 [35.5, 44.0]"
"165","  Missing","1 (1.9%)","0 (0%)","1 (2.2%)","1 (1.9%)","3 (1.5%)"
"166","hcircm_6m","","","","",""
"167","  Mean (SD)","42.4 (1.38)","42.6 (1.05)","42.1 (1.03)","42.4 (1.42)","42.4 (1.25)"
"168","  Median [Min, Max]","42.3 [39.0, 45.5]","42.5 [40.5, 45.0]","42.4 [39.3, 43.5]","42.1 [39.0, 45.6]","42.4 [39.0, 45.6]"
"169","  Missing","0 (0%)","1 (2.1%)","0 (0%)","1 (1.9%)","2 (1.0%)"
"170","hcircm_9m","","","","",""
"171","  Mean (SD)","44.0 (1.59)","44.1 (1.21)","43.8 (1.18)","43.9 (1.45)","44.0 (1.37)"
"172","  Median [Min, Max]","44.0 [40.9, 49.0]","44.0 [41.8, 47.0]","43.7 [41.0, 47.0]","44.0 [41.0, 47.5]","44.0 [40.9, 49.0]"
"173","  Missing","0 (0%)","0 (0%)","0 (0%)","1 (1.9%)","1 (0.5%)"
"174","hcircm_12m","","","","",""
"175","  Mean (SD)","45.1 (1.39)","45.2 (1.32)","44.7 (1.12)","45.1 (1.30)","45.0 (1.29)"
"176","  Median [Min, Max]","44.8 [43.0, 48.2]","45.0 [42.8, 49.0]","44.9 [41.7, 46.8]","45.0 [42.3, 47.5]","45.0 [41.7, 49.0]"
"177","  Missing","8 (15.1%)","5 (10.4%)","7 (15.6%)","8 (14.8%)","28 (14.0%)"
"178","hcircm_15m","","","","",""
"179","  Mean (SD)","45.6 (1.49)","45.9 (1.35)","45.8 (0.893)","45.9 (1.32)","45.8 (1.29)"
"180","  Median [Min, Max]","45.4 [42.9, 48.5]","46.0 [43.0, 49.3]","45.6 [43.3, 47.4]","45.6 [43.5, 49.0]","45.7 [42.9, 49.3]"
"181","  Missing","8 (15.1%)","11 (22.9%)","7 (15.6%)","9 (16.7%)","35 (17.5%)"
"182","hcircm_18m","","","","",""
"183","  Mean (SD)","46.3 (1.53)","46.4 (1.18)","46.1 (1.22)","46.5 (1.39)","46.3 (1.34)"
"184","  Median [Min, Max]","46.2 [43.5, 49.7]","46.5 [44.2, 49.5]","46.2 [43.5, 49.0]","46.5 [43.5, 50.0]","46.5 [43.5, 50.0]"
"185","waz_3m","","","","",""
"186","  Mean (SD)","-0.614 (0.961)","-0.574 (0.818)","-0.668 (1.14)","-0.410 (1.06)","-0.560 (0.995)"
"187","  Median [Min, Max]","-0.470 [-2.94, 1.36]","-0.565 [-2.61, 1.12]","-0.810 [-4.90, 1.47]","-0.395 [-3.37, 1.91]","-0.470 [-4.90, 1.91]"
"188","  Missing","2 (3.8%)","0 (0%)","1 (2.2%)","0 (0%)","3 (1.5%)"
"189","waz_6m","","","","",""
"190","  Mean (SD)","-0.569 (0.934)","-0.441 (0.987)","-0.681 (1.11)","-0.400 (0.957)","-0.518 (0.994)"
"191","  Median [Min, Max]","-0.620 [-2.35, 1.81]","-0.540 [-2.85, 1.76]","-0.680 [-3.58, 1.80]","-0.465 [-2.49, 1.53]","-0.575 [-3.58, 1.81]"
"192","waz_9m","","","","",""
"193","  Mean (SD)","-0.674 (0.889)","-0.689 (0.746)","-0.857 (1.01)","-0.539 (1.03)","-0.682 (0.927)"
"194","  Median [Min, Max]","-0.715 [-3.03, 1.08]","-0.695 [-2.50, 0.900]","-0.970 [-2.54, 1.93]","-0.665 [-2.53, 1.34]","-0.740 [-3.03, 1.93]"
"195","  Missing","1 (1.9%)","0 (0%)","0 (0%)","0 (0%)","1 (0.5%)"
"196","waz_12m","","","","",""
"197","  Mean (SD)","-0.554 (0.791)","-0.842 (0.655)","-1.02 (0.870)","-0.670 (0.963)","-0.764 (0.838)"
"198","  Median [Min, Max]","-0.630 [-2.52, 1.51]","-0.910 [-2.28, 0.580]","-1.12 [-2.77, 1.55]","-0.500 [-2.89, 1.29]","-0.790 [-2.89, 1.55]"
"199","  Missing","11 (20.8%)","6 (12.5%)","7 (15.6%)","11 (20.4%)","35 (17.5%)"
"200","waz_15m","","","","",""
"201","  Mean (SD)","-0.860 (1.07)","-0.925 (1.03)","-1.01 (0.984)","-0.727 (1.07)","-0.872 (1.04)"
"202","  Median [Min, Max]","-0.885 [-3.24, 1.57]","-1.03 [-2.92, 1.37]","-1.22 [-2.87, 2.69]","-0.450 [-3.66, 1.09]","-1.00 [-3.66, 2.69]"
"203","  Missing","7 (13.2%)","11 (22.9%)","7 (15.6%)","9 (16.7%)","34 (17.0%)"
"204","waz_18m","","","","",""
"205","  Mean (SD)","-0.866 (1.00)","-0.937 (0.856)","-1.13 (0.822)","-0.872 (0.977)","-0.943 (0.922)"
"206","  Median [Min, Max]","-0.770 [-2.92, 1.65]","-1.03 [-2.50, 1.19]","-1.19 [-2.80, 1.77]","-0.740 [-2.86, 1.37]","-0.975 [-2.92, 1.77]"
"207","haz_3m","","","","",""
"208","  Mean (SD)","-0.949 (0.946)","-0.808 (0.807)","-1.07 (1.10)","-0.885 (1.18)","-0.925 (1.02)"
"209","  Median [Min, Max]","-0.810 [-3.09, 0.830]","-0.810 [-3.09, 1.10]","-1.13 [-4.56, 2.05]","-0.810 [-3.58, 3.28]","-0.810 [-4.56, 3.28]"
"210","  Missing","1 (1.9%)","0 (0%)","0 (0%)","1 (1.9%)","2 (1.0%)"
"211","haz_6m","","","","",""
"212","  Mean (SD)","-1.15 (0.897)","-1.04 (1.11)","-1.27 (1.14)","-1.03 (1.19)","-1.12 (1.09)"
"213","  Median [Min, Max]","-1.21 [-2.61, 0.570]","-1.19 [-3.50, 1.10]","-1.63 [-4.01, 1.03]","-1.19 [-3.08, 1.46]","-1.21 [-4.01, 1.46]"
"214","  Missing","1 (1.9%)","0 (0%)","0 (0%)","0 (0%)","1 (0.5%)"
"215","haz_9m","","","","",""
"216","  Mean (SD)","-1.38 (0.890)","-1.37 (1.03)","-1.57 (0.890)","-1.32 (1.10)","-1.40 (0.983)"
"217","  Median [Min, Max]","-1.30 [-3.36, 0.450]","-1.30 [-4.23, 0.370]","-1.53 [-3.54, 0.910]","-1.31 [-3.98, 1.61]","-1.31 [-4.23, 1.61]"
"218","  Missing","1 (1.9%)","0 (0%)","0 (0%)","0 (0%)","1 (0.5%)"
"219","haz_12m","","","","",""
"220","  Mean (SD)","-1.55 (0.888)","-1.81 (0.718)","-1.94 (0.753)","-1.68 (1.18)","-1.74 (0.916)"
"221","  Median [Min, Max]","-1.54 [-2.82, 0.0100]","-1.85 [-3.66, -0.720]","-1.98 [-3.24, 0.0100]","-1.75 [-4.65, 1.18]","-1.85 [-4.65, 1.18]"
"222","  Missing","10 (18.9%)","6 (12.5%)","7 (15.6%)","8 (14.8%)","31 (15.5%)"
"223","haz_15m","","","","",""
"224","  Mean (SD)","-1.94 (0.888)","-1.86 (1.05)","-2.06 (0.895)","-1.74 (1.10)","-1.89 (0.983)"
"225","  Median [Min, Max]","-2.00 [-3.76, 0.190]","-2.03 [-3.79, 1.65]","-2.03 [-3.76, -0.450]","-2.00 [-3.61, 0.740]","-2.00 [-3.79, 1.65]"
"226","  Missing","8 (15.1%)","11 (22.9%)","8 (17.8%)","11 (20.4%)","38 (19.0%)"
"227","haz_18m","","","","",""
"228","  Mean (SD)","-1.95 (1.04)","-1.95 (0.950)","-2.17 (0.719)","-1.95 (1.11)","-2.00 (0.971)"
"229","  Median [Min, Max]","-1.94 [-4.54, 0.520]","-1.96 [-3.80, 0.460]","-2.27 [-3.80, -0.230]","-1.95 [-4.37, 0.110]","-1.96 [-4.54, 0.520]"
"230","whz_3m","","","","",""
"231","  Mean (SD)","0.289 (1.35)","0.126 (1.08)","0.320 (1.41)","0.441 (1.47)","0.297 (1.33)"
"232","  Median [Min, Max]","0.495 [-3.37, 2.62]","0.205 [-2.09, 2.57]","0.205 [-3.92, 4.09]","0.670 [-4.55, 3.86]","0.410 [-4.55, 4.09]"
"233","  Missing","3 (5.7%)","0 (0%)","1 (2.2%)","1 (1.9%)","5 (2.5%)"
"234","whz_6m","","","","",""
"235","  Mean (SD)","0.270 (1.05)","0.355 (1.37)","0.229 (1.41)","0.422 (1.18)","0.322 (1.24)"
"236","  Median [Min, Max]","0.390 [-2.20, 3.19]","0.270 [-3.95, 4.78]","0.0400 [-3.23, 3.38]","0.395 [-2.16, 3.69]","0.270 [-3.95, 4.78]"
"237","  Missing","1 (1.9%)","0 (0%)","0 (0%)","0 (0%)","1 (0.5%)"
"238","whz_9m","","","","",""
"239","  Mean (SD)","0.148 (0.951)","0.149 (0.911)","0.0573 (1.08)","0.308 (1.15)","0.171 (1.03)"
"240","  Median [Min, Max]","0.220 [-2.85, 2.28]","0.180 [-1.68, 3.25]","-0.120 [-2.74, 2.34]","0.360 [-2.57, 2.69]","0.185 [-2.85, 3.25]"
"241","  Missing","2 (3.8%)","0 (0%)","0 (0%)","0 (0%)","2 (1.0%)"
"242","whz_12m","","","","",""
"243","  Mean (SD)","0.264 (0.849)","0.0848 (0.733)","-0.0608 (1.04)","0.249 (0.873)","0.139 (0.878)"
"244","  Median [Min, Max]","0.230 [-1.78, 2.22]","0.110 [-1.58, 1.63]","-0.185 [-2.40, 2.34]","0.190 [-1.31, 2.65]","0.0800 [-2.40, 2.65]"
"245","  Missing","12 (22.6%)","6 (12.5%)","7 (15.6%)","11 (20.4%)","36 (18.0%)"
"246","whz_15m","","","","",""
"247","  Mean (SD)","0.0771 (1.16)","-0.0681 (1.14)","-0.0859 (1.22)","0.128 (0.994)","0.0203 (1.12)"
"248","  Median [Min, Max]","0.0200 [-2.62, 2.68]","-0.130 [-2.44, 2.77]","-0.130 [-3.25, 3.86]","0.240 [-3.08, 1.75]","0 [-3.25, 3.86]"
"249","  Missing","8 (15.1%)","11 (22.9%)","8 (17.8%)","11 (20.4%)","38 (19.0%)"
"250","whz_18m","","","","",""
"251","  Mean (SD)","0.0796 (1.02)","-0.0185 (1.08)","-0.145 (1.01)","0.0802 (0.868)","0.00565 (0.992)"
"252","  Median [Min, Max]","0.210 [-2.12, 2.58]","0.0300 [-2.10, 2.76]","-0.100 [-2.66, 3.12]","0.0700 [-1.83, 2.41]","0.0700 [-2.66, 3.12]"
"253","baz_3m","","","","",""
"254","  Mean (SD)","-0.0510 (1.21)","-0.159 (1.02)","-0.0702 (1.34)","0.108 (1.35)","-0.0387 (1.23)"
"255","  Median [Min, Max]","-0.0300 [-3.40, 2.07]","-0.130 [-1.82, 2.20]","-0.160 [-3.60, 3.60]","0.230 [-3.88, 3.05]","-0.0200 [-3.88, 3.60]"
"256","  Missing","3 (5.7%)","0 (0%)","1 (2.2%)","1 (1.9%)","5 (2.5%)"
"257","baz_6m","","","","",""
"258","  Mean (SD)","0.129 (1.05)","0.214 (1.35)","0.0760 (1.41)","0.271 (1.18)","0.176 (1.24)"
"259","  Median [Min, Max]","0.275 [-2.26, 2.97]","0.180 [-3.92, 4.62]","-0.0900 [-3.27, 3.15]","0.150 [-2.24, 3.63]","0.110 [-3.92, 4.62]"
"260","  Missing","1 (1.9%)","0 (0%)","0 (0%)","0 (0%)","1 (0.5%)"
"261","baz_9m","","","","",""
"262","  Mean (SD)","0.160 (0.972)","0.151 (0.921)","0.0776 (1.09)","0.312 (1.18)","0.180 (1.04)"
"263","  Median [Min, Max]","0.170 [-2.84, 2.38]","0.170 [-1.69, 3.34]","-0.0900 [-2.79, 2.36]","0.360 [-2.77, 2.77]","0.180 [-2.84, 3.34]"
"264","  Missing","2 (3.8%)","0 (0%)","0 (0%)","0 (0%)","2 (1.0%)"
"265","baz_12m","","","","",""
"266","  Mean (SD)","0.460 (0.869)","0.310 (0.757)","0.170 (1.06)","0.448 (0.894)","0.351 (0.897)"
"267","  Median [Min, Max]","0.510 [-1.54, 2.34]","0.295 [-1.44, 1.86]","0.0400 [-2.30, 2.66]","0.260 [-1.06, 2.92]","0.280 [-2.30, 2.92]"
"268","  Missing","12 (22.6%)","6 (12.5%)","7 (15.6%)","11 (20.4%)","36 (18.0%)"
"269","baz_15m","","","","",""
"270","  Mean (SD)","0.426 (1.15)","0.260 (1.17)","0.278 (1.26)","0.444 (0.970)","0.359 (1.13)"
"271","  Median [Min, Max]","0.400 [-2.22, 3.09]","0.270 [-2.24, 3.12]","0.300 [-3.15, 4.04]","0.590 [-2.72, 2.23]","0.325 [-3.15, 4.04]"
"272","  Missing","8 (15.1%)","11 (22.9%)","8 (17.8%)","11 (20.4%)","38 (19.0%)"
"273","baz_18m","","","","",""
"274","  Mean (SD)","0.460 (1.03)","0.353 (1.17)","0.280 (1.05)","0.462 (0.850)","0.394 (1.02)"
"275","  Median [Min, Max]","0.490 [-1.94, 2.71]","0.295 [-1.94, 3.17]","0.340 [-2.39, 3.39]","0.505 [-1.31, 2.60]","0.465 [-2.39, 3.39]"
"276","agedays_3m","","","","",""
"277","  Mean (SD)","91.0 (0)","91.0 (0)","91.0 (0)","91.0 (0)","91.0 (0)"
"278","  Median [Min, Max]","91.0 [91.0, 91.0]","91.0 [91.0, 91.0]","91.0 [91.0, 91.0]","91.0 [91.0, 91.0]","91.0 [91.0, 91.0]"
"279","agedays_6m","","","","",""
"280","  Mean (SD)","183 (0)","183 (0)","183 (0)","183 (0)","183 (0)"
"281","  Median [Min, Max]","183 [183, 183]","183 [183, 183]","183 [183, 183]","183 [183, 183]","183 [183, 183]"
"282","agedays_9m","","","","",""
"283","  Mean (SD)","274 (0)","274 (0)","274 (0)","274 (0)","274 (0)"
"284","  Median [Min, Max]","274 [274, 274]","274 [274, 274]","274 [274, 274]","274 [274, 274]","274 [274, 274]"
"285","agedays_12m","","","","",""
"286","  Mean (SD)","365 (0)","365 (0)","365 (0)","365 (0)","365 (0)"
"287","  Median [Min, Max]","365 [365, 365]","365 [365, 365]","365 [365, 365]","365 [365, 365]","365 [365, 365]"
"288","agedays_15m","","","","",""
"289","  Mean (SD)","457 (0)","457 (0)","457 (0)","457 (0)","457 (0)"
"290","  Median [Min, Max]","457 [457, 457]","457 [457, 457]","457 [457, 457]","457 [457, 457]","457 [457, 457]"
"291","agedays_18m","","","","",""
"292","  Mean (SD)","548 (0)","548 (0)","548 (0)","548 (0)","548 (0)"
"293","  Median [Min, Max]","548 [548, 548]","548 [548, 548]","548 [548, 548]","548 [548, 548]","548 [548, 548]"
"294","visit_r_fl_0to6m","","","","",""
"295","  Mean (SD)","1.00 (0)","1.00 (0)","1.00 (0)","1.00 (0)","1.00 (0)"
"296","  Median [Min, Max]","1.00 [1.00, 1.00]","1.00 [1.00, 1.00]","1.00 [1.00, 1.00]","1.00 [1.00, 1.00]","1.00 [1.00, 1.00]"
"297","visit_r_fl_6to18m","","","","",""
"298","  Mean (SD)","1.00 (0)","1.00 (0)","1.00 (0)","1.00 (0)","1.00 (0)"
"299","  Median [Min, Max]","1.00 [1.00, 1.00]","1.00 [1.00, 1.00]","1.00 [1.00, 1.00]","1.00 [1.00, 1.00]","1.00 [1.00, 1.00]"
"300","dur_r_0to6m","","","","",""
"301","  Mean (SD)","180 (0)","180 (0)","180 (0)","180 (0)","180 (0)"
"302","  Median [Min, Max]","180 [180, 180]","180 [180, 180]","180 [180, 180]","180 [180, 180]","180 [180, 180]"
"303","dur_r_6to18m","","","","",""
"304","  Mean (SD)","365 (0)","365 (0)","365 (0)","365 (0)","365 (0)"
"305","  Median [Min, Max]","365 [365, 365]","365 [365, 365]","365 [365, 365]","365 [365, 365]","365 [365, 365]"
"306","bfedfl_r_0to6m","","","","",""
"307","  Mean (SD)","1.00 (0)","1.00 (0)","1.00 (0)","1.00 (0)","1.00 (0)"
"308","  Median [Min, Max]","1.00 [1.00, 1.00]","1.00 [1.00, 1.00]","1.00 [1.00, 1.00]","1.00 [1.00, 1.00]","1.00 [1.00, 1.00]"
"309","exbfed_r_0to6m","","","","",""
"310","  Mean (SD)","1.00 (0)","1.00 (0)","1.00 (0)","1.00 (0)","1.00 (0)"
"311","  Median [Min, Max]","1.00 [1.00, 1.00]","1.00 [1.00, 1.00]","1.00 [1.00, 1.00]","1.00 [1.00, 1.00]","1.00 [1.00, 1.00]"
"312","exbfdu_r_0to6m","","","","",""
"313","  Mean (SD)","158 (27.1)","159 (22.4)","153 (29.9)","155 (26.5)","156 (26.5)"
"314","  Median [Min, Max]","150 [60.0, 180]","150 [90.0, 180]","150 [60.0, 180]","150 [60.0, 180]","150 [60.0, 180]"
"315","fever_r_0to6m","","","","",""
"316","  Mean (SD)","0.132 (0.342)","0.188 (0.394)","0.0889 (0.288)","0.0741 (0.264)","0.120 (0.326)"
"317","  Median [Min, Max]","0 [0, 1.00]","0 [0, 1.00]","0 [0, 1.00]","0 [0, 1.00]","0 [0, 1.00]"
"318","fever_r_6to18m","","","","",""
"319","  Mean (SD)","0.132 (0.342)","0.208 (0.410)","0.0889 (0.288)","0.111 (0.317)","0.135 (0.343)"
"320","  Median [Min, Max]","0 [0, 1.00]","0 [0, 1.00]","0 [0, 1.00]","0 [0, 1.00]","0 [0, 1.00]"
"321","cough_r_0to6m","","","","",""
"322","  Mean (SD)","0.208 (0.409)","0.229 (0.425)","0.0889 (0.288)","0.259 (0.442)","0.200 (0.401)"
"323","  Median [Min, Max]","0 [0, 1.00]","0 [0, 1.00]","0 [0, 1.00]","0 [0, 1.00]","0 [0, 1.00]"
"324","cough_r_6to18m","","","","",""
"325","  Mean (SD)","0.377 (0.489)","0.333 (0.476)","0.200 (0.405)","0.278 (0.452)","0.300 (0.459)"
"326","  Median [Min, Max]","0 [0, 1.00]","0 [0, 1.00]","0 [0, 1.00]","0 [0, 1.00]","0 [0, 1.00]"
"327","diarr_r_0to6m","","","","",""
"328","  Mean (SD)","0.528 (0.504)","0.563 (0.501)","0.644 (0.484)","0.500 (0.505)","0.555 (0.498)"
"329","  Median [Min, Max]","1.00 [0, 1.00]","1.00 [0, 1.00]","1.00 [0, 1.00]","0.500 [0, 1.00]","1.00 [0, 1.00]"
"330","diarr_r_6to18m","","","","",""
"331","  Mean (SD)","0.642 (0.484)","0.625 (0.489)","0.711 (0.458)","0.593 (0.496)","0.640 (0.481)"
"332","  Median [Min, Max]","1.00 [0, 1.00]","1.00 [0, 1.00]","1.00 [0, 1.00]","1.00 [0, 1.00]","1.00 [0, 1.00]"
"333","mhgb_18m","","","","",""
"334","  Mean (SD)","11.0 (1.47)","11.4 (0.929)","11.2 (1.55)","10.8 (0.828)","11.0 (1.09)"
"335","  Median [Min, Max]","11.3 [8.60, 12.5]","11.0 [10.8, 12.5]","11.7 [9.50, 12.5]","10.9 [9.40, 11.6]","11.2 [8.60, 12.5]"
"336","  Missing","48 (90.6%)","45 (93.8%)","42 (93.3%)","47 (87.0%)","182 (91.0%)"
"337","muaccm_18m","","","","",""
"338","  Mean (SD)","14.8 (1.06)","14.8 (1.11)","14.7 (1.07)","14.9 (0.954)","14.8 (1.04)"
"339","  Median [Min, Max]","14.9 [12.5, 17.5]","14.7 [12.5, 18.1]","14.5 [13.0, 17.0]","15.0 [12.3, 17.0]","14.7 [12.3, 18.1]"
"340","muaz_18m","","","","",""
"341","  Mean (SD)","0.104 (0.905)","0.0917 (0.961)","-0.00289 (0.939)","0.164 (0.788)","0.0933 (0.892)"
"342","  Median [Min, Max]","0.270 [-1.83, 2.29]","0.130 [-1.83, 2.69]","-0.220 [-1.72, 1.94]","0.130 [-2.03, 1.94]","0.115 [-2.03, 2.69]"
"343","agedays_18m.1","","","","",""
"344","  Mean (SD)","548 (0)","548 (0)","548 (0)","548 (0)","548 (0)"
"345","  Median [Min, Max]","548 [548, 548]","548 [548, 548]","548 [548, 548]","548 [548, 548]","548 [548, 548]"
"346","bfdu_r_0to18m","","","","",""
"347","  Mean (SD)","517 (49.4)","504 (59.7)","518 (39.6)","521 (35.6)","515 (47.0)"
"348","  Median [Min, Max]","540 [300, 540]","540 [300, 540]","540 [390, 540]","540 [360, 540]","540 [300, 540]"
"349","anti_r_0to18m","","","","",""
"350","  Mean (SD)","1.00 (0)","1.00 (0)","1.00 (0)","1.00 (0)","1.00 (0)"
"351","  Median [Min, Max]","1.00 [1.00, 1.00]","1.00 [1.00, 1.00]","1.00 [1.00, 1.00]","1.00 [1.00, 1.00]","1.00 [1.00, 1.00]"
"352","  Missing","11 (20.8%)","6 (12.5%)","11 (24.4%)","10 (18.5%)","38 (19.0%)"
